<?xml version="1.0" encoding="utf-8"?>
<install type="component" version="1.5.0">
	<name>Theme Media</name>
	<creationDate>2012-01-01</creationDate>
	<author>Priesh</author>
	<version>1.0</version>
	<description>Elementos Multimédia dos Temas</description>
	<administration>
		<menu>#Multimédia - Temas</menu>
		<files folder="admin">
			<filename>thememedia.php</filename>
			<filename>index.html</filename>
			<filename>controller.php</filename>
			<filename>controllers/thememedia.php</filename>
			<filename>controllers/index.html</filename>
			<filename>models/thememedias.php</filename>
			<filename>models/thememedia.php</filename>
			<filename>models/index.html</filename>
			<filename>tables/thememedia.php</filename>
			<filename>tables/index.html</filename>
			<filename>views/thememedia/view.html.php</filename>
			<filename>views/thememedia/tmpl/form.php</filename>
			<filename>views/thememedia/index.html</filename>
			<filename>views/thememedia/tmpl/index.html</filename>
			<filename>views/thememedias/view.html.php</filename>
			<filename>views/thememedias/index.html</filename>
			<filename>views/thememedias/tmpl/default.php</filename>
			<filename>views/thememedias/tmpl/index.html</filename>
		</files>		
	</administration>
</install>
