<?xml version="1.0" encoding="utf-8"?>
<install type="component" version="1.5.0">
	<name>Strategy</name>
	<creationDate>2012-01-01</creationDate>
	<author>Priesh</author>
	<version>1.0</version>
	<description>Estratégias para o Dilema do Prisioneiro</description>
	<administration>
		<menu>#Estratégias</menu>
		<files folder="admin">
			<!-- Site Main File Copy Section -->
			<filename>strategy.php</filename>
			<filename>index.html</filename>
			<filename>controller.php</filename>
			<filename>controllers/strategy.php</filename>
			<filename>controllers/index.html</filename>
			<filename>models/strategies.php</filename>
			<filename>models/strategy.php</filename>
			<filename>models/index.html</filename>
			<filename>tables/strategy.php</filename>
			<filename>tables/index.html</filename>
			<filename>views/strategy/view.html.php</filename>
			<filename>views/strategy/tmpl/form.php</filename>
			<filename>views/strategy/index.html</filename>
			<filename>views/strategy/tmpl/index.html</filename>
			<filename>views/strategies/view.html.php</filename>
			<filename>views/strategies/index.html</filename>
			<filename>views/strategies/tmpl/default.php</filename>
			<filename>views/strategies/tmpl/index.html</filename>
		</files>		
	</administration>
</install>
