<?xml version="1.0" encoding="utf-8"?>
<install type="component" version="1.5.0">
	<name>Opponent</name>
	<creationDate>2012-01-01</creationDate>
	<author>Priesh</author>
	<version>1.0</version>
	<description>Gestão de Adversários para o Dilema do Prisioneiro</description>
	<administration>
		<menu>#Adversários</menu>
		<files folder="admin">
			<filename>opponent.php</filename>
			<filename>index.html</filename>
			<filename>controller.php</filename>
			<filename>controllers/opponent.php</filename>
			<filename>controllers/index.html</filename>
			<filename>models/opponents.php</filename>
			<filename>models/opponent.php</filename>
			<filename>models/index.html</filename>
			<filename>tables/opponent.php</filename>
			<filename>tables/index.html</filename>
			<filename>views/opponent/view.html.php</filename>
			<filename>views/opponent/tmpl/form.php</filename>
			<filename>views/opponent/index.html</filename>
			<filename>views/opponent/tmpl/index.html</filename>
			<filename>views/opponents/view.html.php</filename>
			<filename>views/opponents/index.html</filename>
			<filename>views/opponents/tmpl/default.php</filename>
			<filename>views/opponents/tmpl/index.html</filename>
		</files>		
	</administration>
</install>
