<?xml version="1.0" encoding="utf-8"?>
<install type="component" version="1.5.0">
	<name>Prisoner Dilemma Data Base</name>
	<creationDate>2012-01-01</creationDate>
	<author>Priesh</author>
	<version>1.0</version>
	<description>Instalação/Reset das tabelas da Dilema do Prisioneiro</description>
	<install>
  		<sql>
    		<file charset="utf8" driver="mysql">install.sql</file>
  		</sql>
 	</install>
 	<uninstall>
  		<sql>
			<file charset="utf8" driver="mysql">uninstall.sql</file>
  		</sql>
 	</uninstall>	
	<administration>
	<files folder="admin">
	   <filename>install.sql</filename>
	   <filename>uninstall.sql</filename>
  </files>
	</administration>
</install>
