<?xml version="1.0" encoding="utf-8"?>
<install type="component" version="1.5.0">
	<name>Theme</name>
	<!-- The following elements are optional and free of formatting conttraints -->
	<creationDate>2012-01-01</creationDate>
	<author>Priesh</author>
	<version>1.0</version>
	<description>Temas para os jogos do Dilema do Prisioneiro</description>
	<administration>
		<!-- Administration Menu Section -->
		<menu>#Temas</menu>
		<files folder="admin">
			<!-- Site Main File Copy Section -->
			<filename>theme.php</filename>
			<filename>index.html</filename>
			<filename>controller.php</filename>
			<filename>controllers/theme.php</filename>
			<filename>controllers/index.html</filename>
			<filename>models/themes.php</filename>
			<filename>models/theme.php</filename>
			<filename>models/index.html</filename>
			<filename>tables/theme.php</filename>
			<filename>tables/index.html</filename>
			<filename>views/theme/view.html.php</filename>
			<filename>views/theme/tmpl/form.php</filename>
			<filename>views/theme/index.html</filename>
			<filename>views/theme/tmpl/index.html</filename>
			<filename>views/themes/view.html.php</filename>
			<filename>views/themes/index.html</filename>
			<filename>views/themes/tmpl/default.php</filename>
			<filename>views/themes/tmpl/index.html</filename>
		</files>		
	</administration>
</install>
