<?xml version="1.0" encoding="utf-8"?>
<install type="component" version="1.5.0">
	<name>MiniGame</name>
	<creationDate>2012-01-01</creationDate>
	<author>Priesh</author>
	<version>1.0</version>
	<description>Jogos (Mini Games) associados a Temas</description>
	
	<files folder="site">
	  <filename>controller.php</filename>
	  <filename>minigame.php</filename>
	  <filename>index.html</filename>
	  <filename>views/index.html</filename>
	  <filename>views/minigame/index.html</filename>
	  <filename>views/minigame/view.html.php</filename>
	  <filename>views/minigame/tmpl/default.php</filename>
	  <filename>views/minigame/tmpl/games_list.php</filename>
	  <filename>views/minigame/tmpl/info.php</filename>
	  <filename>views/minigame/tmpl/playgame.php</filename>
	  <filename>views/minigame/tmpl/index.html</filename>
	  <filename>codigo/save_game.php</filename>
	  <filename>codigo/dilemma.css</filename>
   </files>
	
	<administration>
		<menu>#Jogos</menu>
		<files folder="admin">
			<filename>minigame.php</filename>
			<filename>index.html</filename>
			<filename>controller.php</filename>
			<filename>controllers/minigame.php</filename>
			<filename>controllers/index.html</filename>
			<filename>models/minigames.php</filename>
			<filename>models/minigame.php</filename>
			<filename>models/index.html</filename>
			<filename>tables/minigame.php</filename>
			<filename>tables/index.html</filename>
			<filename>views/minigame/view.html.php</filename>
			<filename>views/minigame/tmpl/form.php</filename>
			<filename>views/minigame/index.html</filename>
			<filename>views/minigame/tmpl/index.html</filename>
			<filename>views/minigames/view.html.php</filename>
			<filename>views/minigames/index.html</filename>
			<filename>views/minigames/tmpl/default.php</filename>
			<filename>views/minigames/tmpl/index.html</filename>
		</files>		
	</administration>
</install>
