<?xml version="1.0" encoding="utf-8"?>
<install type="component" version="1.5.0">
	<name>Mini Game Media</name>
	<creationDate>2012-01-01</creationDate>
	<author>Priesh</author>
	<version>1.0</version>
	<description>Elementos Multimédia dos Jogos</description>
	<administration>
		<menu>#Multimédia - Jogos</menu>
		<files folder="admin">
			<filename>minigamemedia.php</filename>
			<filename>index.html</filename>
			<filename>controller.php</filename>
			<filename>controllers/minigamemedia.php</filename>
			<filename>controllers/index.html</filename>
			<filename>models/minigamemedias.php</filename>
			<filename>models/minigamemedia.php</filename>
			<filename>models/index.html</filename>
			<filename>tables/minigamemedia.php</filename>
			<filename>tables/index.html</filename>
			<filename>views/minigamemedia/view.html.php</filename>
			<filename>views/minigamemedia/tmpl/form.php</filename>
			<filename>views/minigamemedia/index.html</filename>
			<filename>views/minigamemedia/tmpl/index.html</filename>
			<filename>views/minigamemedias/view.html.php</filename>
			<filename>views/minigamemedias/index.html</filename>
			<filename>views/minigamemedias/tmpl/default.php</filename>
			<filename>views/minigamemedias/tmpl/index.html</filename>
		</files>		
	</administration>
</install>
