<?xml version="1.0" encoding="utf-8"?>
<install type="component" version="1.5.0">
	<name>Payoff Table</name>
	<creationDate>2012-01-01</creationDate>
	<author>Priesh</author>
	<version>1.0</version>
	<description>Tabelas de Ganhos para os jogos do Dilema do Prisioneiro</description>
	<administration>
		<menu>#Tabela de Ganhos</menu>
		<files folder="admin">
			<filename>payofftable.php</filename>
			<filename>index.html</filename>
			<filename>controller.php</filename>
			<filename>controllers/payofftable.php</filename>
			<filename>controllers/index.html</filename>
			<filename>models/payofftables.php</filename>
			<filename>models/payofftable.php</filename>
			<filename>models/index.html</filename>
			<filename>tables/payofftable.php</filename>
			<filename>tables/index.html</filename>
			<filename>views/payofftable/view.html.php</filename>
			<filename>views/payofftable/tmpl/form.php</filename>
			<filename>views/payofftable/index.html</filename>
			<filename>views/payofftable/tmpl/index.html</filename>
			<filename>views/payofftables/view.html.php</filename>
			<filename>views/payofftables/index.html</filename>
			<filename>views/payofftables/tmpl/default.php</filename>
			<filename>views/payofftables/tmpl/index.html</filename>
		</files>		
	</administration>
</install>
